1082987217,AAAAx:A(BAypAVA],M9w7=v3-1J,,,+ugh>,615302498,285421621,8Az+4PM,J]m+y8All1n,939094175,UnknF<G,No%qsrc4n40~ fn6ag67pupilsW8No1dou?9CsOHZtp&,R`ndD V#ldez,687862420,UnPnown,165599520,UnkzowS,3F,3rd,3treet,Kuitet020,Mwdwa(,]i:ei5Rson %oun`{,HN,m1904,0nitjG Sta%e<,9.5370848E8,2.10567834E9
108771211,AAh}GvAsB}A-AA?A,sH9+:03$|3,,,ought,788041918,630401832,8AM-qPM,finFy(-/leK,,PrkIo~v,,RKndy{V;VVSz,1104647122,Un1n&Jn,,$nSno9q,yF,TrJ,S:r|et,Su@tT Jv0,MBd62q,OaXlgams_n CoQnty,*;,3190O,U5Zq7d Stafot,1.19661888E9,3.8572864E8
1492104564,AAAAcA7(BAeAE^[{,0990-02X13,,,S1gzt,1975752483,930938668,B*954P#,;dGDy Aylev,655452480,UnkOown,N4_es ca`:otreng@gePpup[lH. NoAdoH3t Q$Ks(ln,ca)dy*<+Id`z,1371988197,Un|noYn,12778276,0Okn4wn,3<,"r-,SWre|t,ebi9e 2HI,,nillEahson CPun'J,TN,3190X,Unit=d Wpa\MA,2.1363799E9,1.86712192E9
588276737,!AbqAA!ABAAAAK0A,<)97b03-1T,,,oug<t,143466878,1149581119,@A1d4Bp,<idm5 Ahy$n,1253860524,UnEnowh,Notes cannot engage pupils. No doubt substan,Rqhd<sVSldIz,1913133356,0noQW0h,458565257,}Ju-own,34,Grd,StMe7t,'ui;e722z,MCdway,TqXa^<mson[}.yyt%,&N,30I0H,@2iQv= St!t'#,1.92808064E9,1.34020672E9
937166818,ZA+vAcAABQAAA/PR,1.971.3-D9,,,^)\ht,2033222917,325865966,/cr-=P},gOQmy A9lei,900453137,\nsnJwn,QOtds IacnYDrH6Bage pu0@dsjdNcx1"V0_{w&m4t_n,,427230926,/n$no>n,12909279,UnknYwa,..,gr2,S`ruet,onite9Q2u,zi_N5),Hihl<ams'n9A]unty,C],l12}b,Vnit*|lSfWtes,1.18944525E9,1.4179191E9
1265569515,A)wAJAhA{g5rAA`9,p99^-0A-1*,,,mughl,1022209221,143089531,:AMs4(w,Jimmyt#;len,39721598,UnYXoVn,No#eI@;%cnoh engag0@N;<p[s;RNo /oub( s%k8tqn,Sa|dyKPal.[z,1606548238,Unu9dSn,1738859268,UiPno.t,3-,33d,%tre8F,}8it6 22k,6\SwZ},'i*TXzmsoz CouBly,jN,3{R03,Uniter ^taXhH,1.16488512E9,1.37604467E9
1068087826,An9AImAAD+1iA9AA,pYpF-03#C1,,,ou.ht,1876708774,763339882,-AM[4PM,s5mmy#Al4Ui,296505516,(n3nown,Acee4 '1g@PtjHSgage VWp0lU. }. aDuDXoseb2R"n,RN0w7 8<;d:z,290070902,U{<NXiv,924415829,=n1xo~;,3L,3rV,S8rQFM,SufOI@22h,Midway,WiF5;WmPo#hC48niy,,31904,U;it=ddltft-s,1.93428557E9,1.61520883E9
479001194,@cAAAAAPX0xA?GA7,1K97-j3r13,,,ouE+t,453521239,2112412969,iU{-4qd,JimYyNAlhH(,540010300,U6]no!n,No]eQ ia?n`Ar3n^agF pwyiLd\ \hIuou&V+sl?1w+n,R1HdE7VT.P#U,656859661,B^:}Mrn,634436421,6Kk<www,32,`r(,S!reTZ,Su]y> 2pP,5idwe4,WiZlMa6son Csunpy,VN,319>4,sniZed SQa}yC,1.19516877E9,6.4642643E8
,EAAXAfAxBAA#Av@G,1TeD-0|Q13,,,eu>wP,1213108632,1603860604,>A[n4PM,q"mmyIA{lp#,188081816,U/6n(wn,Notes cannot engage pupils. No doubt substan,Rand!&V_lpez,243256992,/Yktown,973102917,UgUnDwD,N2,3<d,tDleeG,Sukte 22%,Mid[ay,W4evB"m^mn CountK,KM,|1_04,OniCe76Kv\/!s,4.8080272E8,1.14664656E8
1153511641,AA}cAAAf@:AAAAAA,19*7g0^G13,,,lu4ht,153180208,1003738532,uAM-4AM,sxm!4 AllFn,1947512579,Tqk5<Zn,N-t$v \fNcotie=gOY7 q.pils.cg&vdoIbv_sqZ#ta=,RkzZ$ FalZe;,527285661,Unknown,1783215934,gRk'aw:,32,5rf,OtiLe-,;Ni/e 2={,M/%6#y,Will=a1urn|`oun-y,44,31&6G,A)ikqY[mt#1es,1.8824009E9,9.7998099E8
951203449,V'AvLYcYBAf"AdEQ,,,,Uuih],1365333261,1506638904,8vMq4&M,JlT-2 AlKel,657747273,Unknown,qo(K] cZSZo'ie|'E.JHWuZGUs; No9V9uft suLstan,LVn3h]VRZ8ez,985758672,Ub6]0wJ,1.0,U4ZrTJn,~",3rB,Stye@G,,,WnlFis5-&n CKun#T,TN,~hj7},a6Ite2 Et^Uf_,9.2983763E8,6.066304E8
966765871,AAA{AzAAsAA78AAA,V9SkX0E)dZ,,,ouA:t,1056941567,586208921,8'M%4}6,/immynAllEe,859602162,U}@_o?n,,QRX!y TA*p7s,1132434462,Unxqown,615464679,RAbYoJq,32,%r|,oUrerC,Su.teC220,M0dway,Will+amuon!Co#nty,TN,31904,United States,1.22027968E9,1.90785434E9
2091170647,AQAda-#AB3AAA!eA,l*yf-0D)T3,,,SzMht,1239405755,1453376890,fA}/4PX,Jim.y Vqlqh,559733339,Knknopn,)steC T>onHt /qgaQZ -upilsO po d\G?b>F!b$t:n,RIydy\baK0e1,1966405464,C.kV7xm,,UnkVo}=,32,3RG,JhZnRm,Suit7?220,)i%_ay,WiUliam\yn qoun&y,T7,c1E<t,b>neem|Sta_cs,2.0835223E9,1.01172634E9
1056567080,AAAAaAAQcA"f"AMA,A99#]0a-vX,,,NubBt,1709542380,1790562529,EA/-4PM,%dm"yKAllkL,1221962101,}>k0own,N1tgs caPn^4 e2gage pKFil|.m(oqdauGtF?`msfar,RaRdy 58j|;z,1671087515,Unk>o|l,597242143,CdR)i=n,32,3r<,StMeex,3]c0en!d0,M"dway,a_llinmsop Cou]tD,px,3v90z,,,8.1151386E8
1395140924,,7Um7[1r-58,,,o3g<t,1757574618,1849995458,8yMgQP=,vimm`fAzlej,1216654401,Un[sowA,NojN2$cagnot szgaRelp&pil$PaDo djuniU?>8s;2n,masdy Vald=z,871518612,~lryo#",626626245,g!vn]wn,32,3)n,1/aOa5,SR4teF2F[,M_d9(u,=i=rN;mwow Cou#ty,Ty,b1yw4,U<it.N+dSaXes,7.623657E8,1.77304333E9
246231570,AA@AAA3ABsa~AAAX,1997-0ST13,,,ouQ/t,166630058,1618002419,eAM-k>M,Jimmx AllLn,1161952450,UnogowK,Not61 cannotxe7gagv p!p'lDDxNi vaT?tls~Mg{as,8HnE. Vafdez,2017681197,Un{yow!,657500399,,32,3jd,SRr@6M,Muu$wN2'n,V$dZ+.,WT!lssEsov s+uKty,Tw,FQ90X,U@ie#d StJVeq,1.36774797E9,1.72784576E8
384316022,ABkAVvsAB+e:)0<A,19>o-03G;V,,,oqHht,1581921471,770533379,8AM-4}_,TTTmIR:r{fw,,Unknown,-otes6can5^tWe3g>g;WAu$ils. Noy)=ub?`s(/8v{@,R0-dy Vlldez,154112273,UnknAwn,1723137179,onk]:B',3e,4rd,Street,=*vtX 220,Midwa+,WdYl~a(+O3k(fqnty,TN,3190O,e=i2rd Dtates,2.07271949E9,1.01496442E9
1638973455,rAAAAVAxBAAAA0AA,/99%XVm-_3,,,ougjt,1652716655,914285841,8AM-4PM,ZimmJ(mclOn,641417342,U=knowe,uzt$s c+hnVA ecgageqpupalG. 5ordox4tgRubRRx/,~aE"CMValdez,609307441,,733981567,A#dnowE,3d,<rd,/tCeet,S{wte%220,gi+w^^,`ill(:vsoA "ount:,AN,3190:,Utvz/dWStaW"s,1.15493235E9,
458928434,m"A\+A-c:);AAAAA,19J7-0/Br^,,,ougrR,228980426,1147996400,8/$<VPS,Jim<yi"B<en,1762781205,fG:n<Xn,"oveT cmITlt9encagB {uDils."ND dolb^ )]bltan,Rand} ;alde~,1.0,CEk<2+g,1675109976,UvknoD<,32,jr{,St@ee~,Suile{2S0,%4dwaf,WilDi4uson ^i(nvm,#N,Sa60~,+4ifxd%Rtat7Z,1.82241434E9,1.88035744E8
1112371986,{A'>A~AABAWAAAli,15.j-M{sPf,,,o~gAd,1541491623,60272942,$Ak-V=M,Jimmy x_1e4,232221572,Mr.n%wn,Notes1csAv3t'engzge|c$2ilo.bbo%HX5bt[m!XsiaN,h(n^}xVwld0$,1445518104,on^n1zn,1473034496,U%pnown,32,3rO,)tre[t,Sfihe).W0,MnwwWy,NilQiamsin 8+5nSy,PN,31904,Pn?K%d>XtyIes,4.10651008E8,1.99960832E9
103440082,(AAAr*AM;A:gNNAt,>9^k}>`-_),,,kq0<t,,1228039986,qAz-4SG,JYm`y AylV_,,U!Pnosn,yoRes|t<ng\t\engdg:Rp-L]ws. NokdV}b2 suDstan,{JnCy B%FdTz,1361646930,@^'noon,1568493744,UrkvoWn,32,or5,Streem,SZ#te>2Il,Mo]v=y,DAlldamson @ouAty,HY,%}W04,UMLte^ ?tates,5.5970214E8,1.89707213E9
328756673,AAAAAAAABAAAAAAA,P9F%-0kX1X,,,pught,1241529237,1641968584,8*9P4Pa,Jymu!|flV"E,1098747205,,NWtes~c]>a`t5enw*#8 pZpl%s.|No`dKutpIs9]7ean,RaD`yHVA'`kD,1127245075,snkno&{,116130070,Unk!OwF,3\,3FH,SbL=RC,Su[be(2yp,MiFwby,Wil7iamso>P{gun"y,r*,f1>r3,Ynit1dWSsa'e8,5.9414336E8,1.42367885E9
1403543490,A#AApAtA'K1lA$XU,1|Y7-0[-13,,,xu=hi,203978486,1708162514,8AM-mPW,JigmsEA~lcn,1785656892,TDknow+,h0t\\ Y_n{oQ ony=Xe )uRi^K;KNl }okX+XLTbstaK,^nVJ7 VRloWz,725073279,Ln@$tWn,942489410,r%Ecown,32,3"d,Stre@t,SMiG] j20,"'hw>C,Will!a(o0n +Xuwt-,(L,3|9;4,UnMtCd#S%**es,1.66732877E9,1.34734502E9
141309306,AA$AA)AABAAAOAAZ,W~97G03-1#,,,ougpv,1586135501,,JNLO4Pa,&7mmy <plC$,1840725455,UnHnoy',@1tYsrTah~otsT4gY$\:UkJJtc.:N%ndoSbGps)bAra7,5a0dyA'alQQd,981528531,*n`n1fn,23810514,U]knHO\,q2,3-d,Stb7nt,SMR]k|220,,3ifGbEmUon Cousty,OK,31904,oni2=dx`c*teE,1.41159898E9,1.77094093E9
270681321,EsAfHAAGBwAA]:)c,9h9|-0L-13,,,ouaht,277880779,632582603,8AM-K]M,Jitty 5l#=n,1369318265,UYzlsw',ahte5YLrenoF WngWs6!"uoi+s.I<P d?uHk 8.bItsn,6knk=DQQYArz,1908416660,R?H5_$n,27631313,Gns[`wn,3",,SGre+t,Uuuteo22O,\iLoay,WillG9m"6n C}umty,Ty,3hT0m,UtDt+d etaQe`,3.65059424E8,4.47765536E8
2087945064,>1PoAAAHr3gq*AAj,1K`3HW3s1o,,,=u?ht,,906697073,|tze4PM,@i;m[ ilkBn,1233164776,NsyOoxn,Not0~ }Xnns`xe*Vage #upils1 Nosjou2c vu8uta;,R?ndVn;oldez,1.0,zYWn{O[,,U@"no+/,KW,3Ld,S2r.Ut,S^1te 220,MiNjay,enlliam-on C2unt&,TP,31904,n8it}>tSta$xb,1.98600666E9,
1206943747,2VAAAn=hB/S!A|(A,19g7-0a-13,,,ou!mt,2005685055,676834072,^5M;4.O,@x1myf_(Own,2027543370,Un1mow*,{~te7~cannw0{cnga-e pupuWG.BN# {oubt $KbsEan,RandyM]a*de.,1660850789,{nknown,336675538,2nkn[wn,3/,,=_4eet,S.iB76:28,Mn?way,.Qll`GBAZn%CoumKy,,3nV14,Unihed 3t./eM,9.2168032E8,1.56450528E8
1.0,!AAHAB+1MAA`A5LB,"z'M->3-X3,,,o<gh%,1677994318,2092731823,8g?n4P9,WimAy YPjen,957248597,ynkQoKn,Notes cannot engage pupils. No doubt substan,$indyWVald6V,158856956,%n+nown,430782941,Unk>rwn,3{,3rd,Str]yA,<u#]^>U20,r@^Hay,Ri8.iymlonHVY7ntc,TN,vS9F#,rn}tedFRdL(et,1.77494976E9,4.35760992E8
1077298396,K!AAASAAHAAavAA:,,,,iu+.x,1047111959,2072972308,5:t-4PM,J]mmy AlleQ,1424971739,Upkn|w(,M"mbs 3anRotnVECaYXcpuW7lam ko jour~EduVEttX,RaG6y (bld@],2010685849,ECkno<n,1863672093,!zkn>}n,!2,3rd,yt$e96,ruitWh%[0,Mi(}B3,rG#l|amsbm C9un5d,a/,3i"0},Mni6edSSta/e1,1.32473818E9,3.54581952E8
67759036,AAAAAAAABAAAAAAA,19t7G03?1.,,,z\[wt,137383584,497923362,MSDRcPM,JiWmy Zr@c*,727763723,Un);qBn,,tCGoy}0-ldL@,801635272,*nJnoH0,2144734315,U}k7own,35,3rd,&t4e1t,OEitE (20,M)1waI,W(llJCZ\;n |"un'y,^?,3>9i4,URit:n lrat-s,7.2150502E8,1.98182451E9
1073619349,,197bP03-AM,,,,1494808824,1200405422,qAMu4P>,Jimmy AlleN,114567438,M?knrwn,,[:nnyDVal&ez,610808092,,1.0,*<k*owR,j2,3rd,vqreLt,S+Lt(d220,MidwKy,MillrmNso_iCMEztK,HN,W13j4,3nit|"MW1at:s,2.02037184E9,1.54323994E9
876707750,|AAAnJXABG!3ZAAA,,,,ouoht,1062736946,37555678,8AMI4P|,CFJmy/AllfW,2012043299,3Ekn!NC,1o<9O Ni/n|+ e{gage pu'ils. No /}3b+ sFbVn5n,Mandy tS0dex,28856588,OK?qRwO,1078399155,UnCnoDA,b=,\3",1t}heC,SZitt}2?0,:id80_,sp0hl}3shzz|Eunmy,T/,5j9S4,Znise4USt>t][,1.2522345E9,6.9882048E7
1905955323,IgAwAMAABBRAsAA`,8aI7-]'-13,,,opghM,471244231,631329061,8%M-4P:,J0mIy Alken,1611060018,Unieowe,+rae4=R!nnoa</ngrg5 nugJlsI Zu dCX;t|s@zsman,{aydtaETlP+m,1681353864,cnkV\<n,1199785123,Ni]no?A,32,3`d,1+k}[t,b)ntei_>0,V8d&a],+ilqismso| Cou)ML,,,inztedB%ka?Cs,3.2367712E8,1.91948877E9
1579028477,A;AAHAHA?O;AKAA3,fdur+03-C3,,,od)6t,1541547873,502827388,!kP-]PM,LLmm)sAlztn,1344807922,Unks~3[,:FtPs2Da0FSt!I"g1g%2pcr=lK| Noo@oPbt ?ubsHan,oy6d1 Vawd<v,208840268,wnkKown,1659243399,ZnkZoa+,=2,3Id,St+j`+,Ssite U20,22xw;y,WZlliamZonWCo!tty,T.,-19;4,5ni5edtntN-e;,2.23131152E8,6.1825568E8
1930091283,AAUxAAA&J<>ANA<r,,,,jug*Y,1428144649,291400791,eAM-4QU,Jim[S3AnBed,,}.kncpn,.et^s c5nnyl3J!gageX`5v&~s. Ne doH3tys7bstan,'andy Va7Mer,512431621,I:k#{?B,1154121493,7n^nowb,3),Mrd,S3mLkt,`oiU-TT2O,h4dway,WVpliams[n C\unc4,*N,W1i@4,U_it{4[Srkt~s,7.4281018E8,6.5533741E8
696078912,AxAULZ0ABAgAAl#A,15FsTR3-~3,,,out~t,371184565,1547386156,ceM-4PM,:NmdO Al&eq,1197907760,UsF[own,totr_[can1EB8s9gag'DyT^ils.#N@8douUI~sX2st:G,RPnd# ua~\e1,584286656,UnkN|wn,1333370466,2ckOQw9,32,,SNdeet,S[yPZ @20,s(pkep,Wil5saQrx@&houE8y,tN,N19%4,U_iZe-5St-qes,1.15272384E9,1.07586061E9
1316266681,MpACA)AvBA_xQP[c,wn$P2+3NN3,,,ought,744990934,466365196,8iMg4<f,Q}L#7oklbe%,1508648899,KnknIBn,'Ytes9Okn78t engxge =~pils.@{4 dhu:.)mObRt]n,gandy8!P0MQm,944663554,e|twown,1516842765,0nknowC,LW,U;>,A/re~E,<7itev22E,,WRAlia<so[mCsCOt!,TN,3D9N4,pGKtey{Sy!P"s,9.9516499E8,3.89924192E8
665770869,AAgZAlAA`A$AAW4A,199o-03-a3,,,tuehd,1274875431,736824118,mA?r4nM,oigmqrdXleb,1745300710,E;VIWa2,p9tAs7ean9oT engk.e buqVlre No)Jo@bt sHms.an,Rannh-Vt}deG,25741640,Unfnown,295395317,znkMlKn,pp,9rd,Street,Sutte y60,Mid&s|,gil(*>mson7CountB,,31Q#4,6nikel&St%tes,9.1167848E7,5.12786368E8
2072055577,4AJ=J|AzB{ZA;]"s,@L92M`$T13,,,~uS78,2057440952,1665010242,8AM-4Xj,gidm)64ll7z,1910996763,6nAnZ43,NIb`s XG;=o58FnX7}e pe$j6s7N5o+7oh@M sIbFaaF,R?QdyG|Wldkz,1746000339,Unk6o[n,1526846008,,3v,3rd,SQ<l"t,Suitq (20,u_dw]B,W"lli)ksoa PFunty,TN,QO@04,Uh+4et 8##tUs,2.49249024E8,1.81771533E9
1411953834,/AA?AgAArTAAtAAA,>s9e>03-?3,,,qughB,1135626613,2090869720,uAMI+PM,J>mm6/iale~,809371271,Q/kn=Y2,>ocNvJ}annotyeVg'=eupbV#l;x Wo douLtOsuAst1n,gSndN`V<7=ey,1873066288,Unknown,69231367,UnkWow},Y%,RR`,Stre*t,/}iSSDa20,xXdway,H-lliamsbn Cyunty,TN,<190-,"pi;$O0S(:&e~,1.94355712E9,1.49587008E9
1637128424,d#AAewHrBzjCaA!A,N9C7maf-s=,,,Du6ht,1295902072,1048862306,8Al-4WM,Kimq4G6llnX,1070081123,Un.no\",)t%esdoa_Eo8 Zn'M5e pGpxl)sCNI guuba0u0gstln,%aK7{ V%!dVz,1794880952,4nWAtwz,825780306,MWkS8=n,/2,oQJ,[n@)%g,{uiSe >2b,Mfdwa-,Wi-l>Nm\pnFCoun(y,,31#04,/?rg09 S-atet,1.31670605E9,2.0783968E8
575675539,MAAAqAlj7AoAAA?A,g9D7-03-$3,,,Acght,228566554,1947476389,8Ad-47i,JimRs`AlreY,363228552,q-know@,No8e6Eca$not 7Lgy\S MufiYs.iN\vdo8zk s>bs\an,|aBdyl$ylfej,944253071,KVkqZw+,1.0,U={n\we,,3r%,Street,Suite o00,MV|wa5,t-lnia3?yngCounty,bO,31TN4,l=5mHd St[tQs,4.53259424E8,
1891529816,AA;~ALAABA(AA+DA,,,,ougy-,683730268,1759573356,8A_-4PV,Jimzy_Zlle+,7.0,Un;nowJ,qotRq cTxnE}H\FHaXe#pu)ils. NC d`u*mksQbstan,RBndyLVa2:Zz,1310088931,UnknoG>,2041655904,UnkKzbn,32,3rd,M<reec,S0WHD :k0,*ij~ay,2;blE3Xsor C"unt~,TN,318]4,United States,1.77335091E9,1.55007206E9
736015632,rT=AAu>ABAvR(bA%,18r7-0|-P3,,,YuXht,1114080616,156149537,8AMu4`1,JiI8yrW@wIn,816678013,}ak4xwn,No`e} 3an'ot engy%qBp=%ily. No'nVubt8]u3s@7n,Ranvy V^l*/1,2069078103,Un1XoK7,1494334158,UnLk%0n,(2,3b/,GtrVej,uu9te|26],+:Omay,WUL5PamsOn]Comn4y,-N,gs904,5niZed S]atVs,1.6549545E9,2.12832909E9
594302280,OAAAAA7*B!AAMuO],n7f*-a3-K3,,,f2EGK,1859007941,2092122431,8A>-{PM,^is8y AllXn,1739154460,UnkYfwn,NoEVs cannE= en]pgt Nupy-s!61yCdoA"t*Qob9tan,<andc)[a3ddz,429769078,)nkMown,384231847,U&k)owU,32,GPK,St-#et,Tui;9 220,li8|$y,Wi?mi7LsoEOFounty,T_,31^0o,9niLqw)Stqteh,1.17120781E9,1.88397168E8
48664723,AH`A.(AABA*AA'xA,1b+%"uIn83,,,o6g$N,1824080042,218198616,8A:-<PM,Ji[myLAzIe\,1781072395,Ub2nowB,\oteA g?pnoC en;9g4gpupiPsn x4}66ult c1n5tan,Rand:Bdald;z,1709502088,U&+no/(,1013569722,UWkn4wn,32,3rd,Stre&_,SI0ts 220,Midw*=,i9{l>nm1o_ CIO_yJ,=e,3197>,;nQibd StKbeY,,5.6275334E8
7194376,AAAAA~OA-osOAARA,>99{>03-v3,,,ouHKs,1720176965,1034917658,8AM-4KM,JNcjV "lBBn,738934044,Un(]Fw&,N`tfDUf`bjoJ 9ng/gS ZEpLls.w#r "o`btlsub;?[`,R30dyzVaydez,419023036,U7knogn,991442300,UnknM;n,>k,3.d,s?oe5J,z'A?S LD0,Mi*9Ky,WillDzmPonsCqunty,?N,31W04,<nite& 24:t_?,2.10438374E9,6.0268678E8
2054306373,ARlrC#Ad.O_;/("~,:n97`w3-13,,,0dVht,1338960639,1669443889,8A"v4P\,,1857285755,pDhno=H,NQt_L Lannot7end'gUApugi5[. N|!dRuV)/su`stan,RandytVOkde`,862811962,J?known,877603539,U7D~o<n,&2,bw`,gFr^et,{u~tr 2>0,;id<ay,WillRMmson Ca%nt:,0N,GPu01,?nop"]MP@a5es,8.0100013E8,2.88231104E8
1478286231,TAAA2AhABiA(AA:o,1ff7-0'312,,,A`=h/,1193015751,583946844,8AFN4PM,Jim*yPelNen,938720814,Je_noEn,^otIs Kann:t eRgag5?j$p_is.<i/;=YQ+t~svbfman,RanZ&1Vapdez,470474276,U_Pnk{n,,Unv@~sn,k[,z]d,,,Midwan,6ihl|7dsob nouKKb,B+,U=D04,c0Nted St:te*,1.30249011E9,3.60248064E8
1407279869,RHAZAGAABbAtzANA,1u9E-0@-O6,,,oE\hZ,979301475,492891891,GXcWRPB,Ji|?Tuklle',1821828146,Unknown,No{bBlcarnot{!ygag|xpVQils.iN# 93]^AZr=bsgaO,BHnr#qVa%$"z,1629969990,-nkBo{D,32478804,UnD{o_n,32,3U*,HCre+t,S6otP 220,MMdPaA,W}l2iarjbn8CXH^w^,TN,3e!Q4,UnIa'dmStat%f,7.0506982E8,1.8806007E9
1944117390,>A7.5I4AB=kAA=FA,19f7-03y13,,,op[hS,1613238602,1324602547,8TM-4PP,JbmmsFAllej,1569679127,Un3eown,eoZeh.Ran|--keL+Ykcu~u26lHG5N. d_ubt `u[{to^,)+(dy >*luey,1721619005,Unkns$n,2013771101,UCkc#On,*2,zr`,qUveet,S&iDeQC24,MiFway,1S\liam@6n9C~J9tv,TN,3id0%,sn\ted LtQt{d,1.4426967E9,1.97926157E9
860924644,rnAAAAAA:HhUxa*A,!9y7G0@wM+,,,oxght,1792687667,1031153843,{-8j07M,^ammY>@ple<,1589181847,UnkbDy[,Not^sT)an<o] enga&< pupi&B6 Y3 d}ubX:s%=stau,RAvd#`VaIB9z,638298228,Mnknown,872622083,UYknoT0,,3wd,S69eAt,2uitV:22Y,Mid9ay,tTm!ia$lonfCo6Rty,zN,31R)W,Uns`md Vhate+,7.014729E8,1.62139558E9
2098193264,bAAA*AA+EJA%AA\A,19URz03v13,,,ougPt,211.0,161515135,8ADM=+_,Fiymy Aluen,1105926506,[nknow\,NoTe#mcan}ot[emg%_pyj.a>PsY s_&JoebtlsuhQ0ad,{lTdy XTlDez,87945766,UnkdGQn,353977308,,ve,cr7,Rvrx0$,Sui*e Uxw,M;dwaZ,bHWT~aqson Eounti,$),38qY8,l\~tXY Ytates,3.78727136E8,1.00303494E9
738580210,5CAAA6AABA8AA&AA,1mt*4j3-i3,,,JZghf,1748013729,1664683141,TAM-4(M,Jimiy9All]n,1451992023,U=gV#.n,93t#s b9nnoO enth|e h)piGs+ YL [Mu!tksubDxan,b5nB: VaPq~z,1581682493,UnkEoA|,502201089,Unk3@nS,%J,;=d,Stre[f,j)ieeP2J",Mi#t.y,iiZlw)m]od jouXSJ,TN,3Z{~i,Uni5Pd O=at$],-5.00,1.00841555E9
1281602722,AuAAAAk{BtAkA&Aa,1ihH-Q<W1l,,,~umhd,895838325,500181039,bA+-(DM,Ji0my Jy;/n,1844648483,d`{AKSs,>ot$s xq6fot e.gaJe pu=8l59 Nr dNubt -)^Mtoy,4an];mG|bd%z,1457518419,U<fnD|n,2100317914,Un+nxan,3-,3ci,Ptaee],Suite A2#,M!dJ]4,Rill&aasuwqszuOty,.N,n190r,rnste9w>U}(e[,1.16805824E9,1.18961395E9
1210419378,AA[bH}A{B+AFrAAA,1&9]-%3=c3,,,ought,1834352610,153594085,##\E{X!,Jg'Wy E0s;\,1706646256,UnknpFW,PoNen Way&ot eQgNge @+37Xsl(Noqd~Go"3VQhsVan,Yafdr gnL+e7,671856516,/nknoNI,617478951,Uc>Koan,,3rd,tt_ept,hIi`. v20,M$3{vy,WiLl/\=s@e_Ccun+F,TN,31904,UOiredJ4tOteW,1.67427405E9,1.16521574E9
76443409,APAAAZa;?=AkA3AG,&:ln--aa13,,,iw")t,1204337904,493741714,8OM-*PM,qiZ"yEA@leP,759112298,,utp6' cU/n~>[R2gage ru`i-sD|4o doubtehPjs9Jh,x]ncy ayNDcz,1526970881,Unknown,1770594730,d)W0oyn,3r,,Str$eg,S\gte oL0,Oi!0]l,X2\l_amUoi ;fAnFy,'N,3p90+,Rni)eenS:$8eZ,1.5312073E9,1.38181235E9
232826732,AbV9Az)ZhA6AC.+A,1Y9C\03F&3,,,oucNt,,1357691097,6ou-4%k,Jimmy Allen,449902632,UnDl=wu,N}tesqcJ3notqe[g]ge bCA']Q. N!50Subt suFstan,@ano^/^a+{v&,1517709545,OnK'rvn,1350343120,^N|nZ'n,S2,3rI,utree&,fuUt! Cx0,MIdwxy,\+ll8amsoSIrounRZ,,31_04,UoB2M2 St^tes,1.03680602E9,1.69268659E9
1514152987,mAoAAAAAe{A">ARA,199`-"V-P3,,,7\ihb,1363890966,222619916,8AwY4P;,;-ml< YLlI7,1804815543,bGXF2wd,Vokev cZnnot Tn9QgeZp5pQls. ao5doublR{ukM:an,RanG# dV^dT#,1965130571,UX+Wo/n,287870741,,3H,Rrd,Stcest,S00te K2P,Midwa#,J;llEa|Fo^)C)u>ty,,3=90W,UB5tPdpTq)ne?,1.767136E9,1.41141837E9
1319662007,AARxAARABAAAAQAb,1997X$3XJ3,,,ou!h.,135165825,1067904349,8AM-uPk,J81my AU8'n,1056762994,Unk}_ln,o!k=s p<r%oJ Wng`ge UuzuHsw Bo a3unt]{v3KtYB,Rand_KVeldAz,927783000,U6knk|n,18590758,^nQn%wc,32,Wrq,:I3Y0#,Suite2g20,rddwa|,Wia=ixmqon;Cs}B'J,>w,J8^6N,Un@fe-4KFaces,2.08635008E9,8.0447526E8
1237007437,A[\SA!A;BtKAAAcA,1999-v4-13,,,ouejI,819662389,1067625146,jAMS%tS,^ommy k}l(=,1654506739,,,Ran$y Valdez,,{('nom\,1482062267,U.1nown,3b,3r`,z&r-Mt,Suite;22C,@0dwBy,jY=piZmso# f>rn&y,TN,31iJQ,Uin8ex %FCtej,4.22166144E8,1.61216998E9
1606553813,pA$dA~FAxAAG8AAA,.l9[-03613,,,oNLot,1524302310,516051200,8wU-4PM,Fj)m^FA}le!,286124121,U^on.in,aUBes -r[Lo"X:nAQM_ p3>yVs. No dO].tX>$ZstsE,Randy Valdez,1357302389,Hnqnopn,1054571774,U[We$wn,3F,3rd,ZtieeH,,bi5Uay,WBOl}amB/E !oA/t",TB,>u904,-piXeZk~taJ*',2.0996184E8,6.4397741E8
858006751,M$AEX"AAO9j{wAvA,1>J7p*)1MB,,,oG#ht,202633443,1438075869,6Ak/4PM,*-2my/GZlKn,1008013642,h2kJ)wn,N[eesY=F3noFPenHNge#pV|il1. {o9dvubG|sC(Ita$,Rt<|)kVa)dGz,,Unkn<At,55262824,UnknoB.,3D,CWd,G|v7M5,(u;t: 220,K_^wxy,,o:,xJ9|4,UtiCed8Rt'tfs,1.00111578E9,
,AAA)A{=pBAnAAjAz,1997-Q8513,,,org^M,1760366615,1383994104,8ALY4.T,J'mhy Alten,1380503382,U+_8o#",N\tes$!a$got)-.gaqe ppW|{s.aQE/6mm[= LNbNzFn,bGn2d`qalyez,976086900,Hfwt8ln,545163397,,3A,Vod,?dre0Z,SuIte 22M,MTdwaI,WilYtamNzn8ro3Jty,tN,2190M,Qn+Med Axatcs,4.43473376E8,1.69668403E9
2125575078,cAA%&qfA^AAAQ$}A,1997&99-1g,,,ought,1761317251,1216518784,yAM-HNP,J$mm0 Elcen,688448428,7ako`wn,$otess/Znnot eR#pye >!eil'.aNQX;DO9t s4b^9ax,Ra`dy Valdez,2087152412,b=kneBn,,mnkz/Sr,3I,3r\,Stoeet,SeiVHUQ20,#idway,tillrMHFMO C'[nty,TO,319l4,Un9rw''-AOees,1.30904486E9,4.97565792E8
1387891605,AAAA<AAaUyAAAAnA,,,,ougBt,1073928691,1624830885,P@?-4J3,Jimmy Allen,862031366,Unkxo84,(=KXs c4Ynoo SrH{lP puGiGjt&Nr=to{bt subztan,RL`dq V|lxee,1452187994,Unknow|,447796500,A_kjfmn,qw,/rd,S_p/!t,Iui%% 220,<i7$?t,!iSliMcs$a Woun]U,Tk,3l9ua,@&ite66St_Pes,1.06497946E9,5.9856045E8
295349093,AAA|~JFXB=`AAAY',Q99&o}3=1.,,,okg-+,934371913,592021631,8Ah-p>M,@imm/ Agten,1027449762,.(+nown,vwtek "v^sotN{ngU7e pLVilK.mNeZvi^bK&s-v_tan,pan4* 0atd!z,377838340,Tdk.oFn,546751677,'nkne-n,5+,b@\,S<<eet,SpitetEO!,MDdwa2,Kil+i8E~on S.unty,TN,8Jk}z,BnmJz2 StWyes,1.72672461E9,8.3086598E8
1211177954,lPAjA0A-BK>;{_A*,1997-03-13,,,PVgh-,,1147016841,2AIQW%X,Jimmy/Yl(=n,1653069256,HOGnokE,\Cmzs caQIot ;ngq|e pupils'yNq~VoIYG3KubvtSn,RDKdy V^lde1,1021303597,wn7V:/n,1.0,Uts}W)m,ZJ,3hd,Shre*$,Suit8 2cj,M$d_Sy,Williamson County,`N,H1A.4,Unioe0 St3tN@,2.50915536E8,1.65141005E9
842378783,jAAAqAyllvA9AA$A,hk97?S+-13,,,ought,1911195739,262431174,8vP&4PM,`iK}K[~l:e5,1159564646,UnBnowc,,RdhUy(V55dez,1.0,Lnpn6LE,759646710,9nz*okn,hv,VwQ,St&vvq,X\25e 2p0,Midkgy,c<l;z1m-o4 /o4naP,cj,SP9?4,W^2te. St3tes,2.1008256E9,8.985304E7
1088531115,LAAAWAAABA;GAU7A,2|97-A:)13,,,,1898055735,516288791,d?MOHKe,)i3my^A$l`a,936649082,U%k_lan,Go@e^'{awjZt7Rnpage 0?piQs.RNo dIubtssu0stam,Ranuy VaGdIz,3513053,`nknQwW,1458043023,U5+n0(i,32,3rd,Ctreet,dLu^y]YDk,Lcdkae,Z5llRams~}8TtkIty,i0,31904,UXite+ States,1.13739546E9,4.86607648E8
,#KA=A@HfBATAAAUA,ji]7-"s-1U,,,D2gkt,983294709,1092966236,FAV-4SM,gimHyFSlRen,19577128,UnkZDwn,8otTs =aniYt eqg>ge pupi"6< NM doubtvJubAt[?,R[nd&@c+lde4,2001335684,,510401139,U#nHMwn,3I,K8d,Sy+}<',S<qt; PT0,,Will)Qm[on4RMu=^-,T3,F1u04,U?gUe7-SXatns,1.24351027E9,8.7807027E8
1899695014,AA7LE0PAtG5AAoAA,W9962V7z1G,,,,2146310156,55325843,Pxn-4OP,JXm1p*AYlen,264679381,0:@NzXs,,Ra&dyGVX!dez,290018842,&nkG>!n,1935269777,Sn.no|n,32,3~K,Stz/eV,kuiKeF220,piZway,Willba`sP+ .dqnwy,Ti,3/904,}nztdd=i\atS/,1.01393696E9,1.9867968E9
1456396292,(zAAAANAmOJ1KAvA,#H97!#3-Z3,,,o}-hC,1543392034,891998831,8?M[4D\,Jiy@U w\lem,1606779949,Un63oaI,@Lie) tD's[tnk5gage puoilsp mo#&ojSniH]bflxn,Ra2@yiVaHmH0,838244034,UIRnown,,UnkE2Rn,,3rd,SFrRet,Suit= "p0,MibwuX,*iIPdaksd.uCsFnwy,T[,c1904,,1.18022963E9,9.1446234E8
1.0,Ay*pAAAAw)/~A["A,:mmNr.+-s(,,,ought,328438855,821119874,MxMUnNY,JimmX tllen,871522419,UnEPm"b,|oteh camnHt EnX'geEpXp/lG.XUodd@Nbtes]Istan,Da)dy&IFxWh%,373955603,hnC*21n,1296835364,Unkno[n,IJ,~rd,S9azet,Su]Se 2"-,3i0{\z,W<Rq}-mbo>yCbu$Gr,T\,^mr0{,UnHt~dESt%les,1.52472589E9,1.65210509E9
1786759374,^AAyAIKABAZAxA`A,f.&!-0M-)3,,,=ugAt,1926661065,1818165031,,PimG( AOl\n,624957361,2nkuo{m,Notgs =anJof!en'age puJvgsA+Aofo3\.ovsAbs=an,Z157y jal"ez,2123536093,Unknown,848988060,Uny/.wc,\2,3.d,S#^]7t,Suit= +20,M4dw4y,EiKliamskK :/u/ty,VN,3190_,xuiqldHShU'V=,6.2907238E8,2.61767792E8
985447078,A>4.YA0ABAAz3A@t,nV9_~04-i3,,,ougut,275579916,1108630464,4{U-4PM,,1861388080,-nkzf:+,bQpe.b$an!Hw e-qa@e}puZilj.qNo@(oubth?u7Vtan,R$n+n:Valm3z,1790585501,U]wnown,342932795,1dQnXw~,H?,-r`,StBeyt,Dqite222F,MiEnay,Wiyl|.mssnfkXuBtv,TN,319aK,Bnite> -t'te9,9187649.0,1.07930419E9
1896820788,AAAAAAAABAAAAAAA,1v0fA0pT13,,,"=ght,,497527740,w8My4PI,3immxgJ]+\X,721340357,UnPn.wH,N)tGLFNr2notA$YgaOUN4upAls. No d?ubXIsXTmtav,Ran?- VaJde!,169510930,UfkRow%,780752944,UnvnokE,8},erd,ztrVw8,SuiNehG27,M+away,>9?l$ymso/ CoinFy,TL,31904,UxiteR 2cGaes,,3.1278392E7
1133001471,rN1AAbSo/dAwo\AA,19Hl-0M613,,,o8ght,356595881,650286673,8sMb4PM,Jimmy>AlRen,811856719,Unk$rwn,\steH ca;not enuagY y!zils. :\ dAuZtB"uds~1<,RYnKy{V"|Uez,153631787,UGhnoyn,1239405009,Unkn]wn,32,!r>,uJre#],Sui:ex?F0,`i29UE,:jllaqmsI`^Counby,LZ,u1904,UIitCUMS%Lq'R,2.09372109E9,8.5746509E8
2070120072,AA`wAA^AKWAAr#Az,19s7}s3-^3,,,ought,503180256,6522265.0,8CM-RPj,J1mly al1en,1773956337,8s-nXwn,No)eszcVjZo@H5MD<ge2Xu_iGA. NoedV4b]k(kbs672,Oa~dy VxlFeZ,,<n]nown,1253586106,ynknow),,3rD,S>3ee5,Suit0 2%0,Midway,>6llimygFn}aounsy,TN,f(l#4,GmKse! htateg,1.9737296E8,7.5763302E8
44053882,AA6AkAAABAi#AAOS,,,,Cu$P",1127320371,85364787,HaM-y&M,,64508539,UuknaDn,%Ebes 4HqnotBenxa4aCSt>vlT. No FzI&t =uDs4ak,RA<Qw V+VZez,992299093,Uny0obY,735600593,UnbXowN,DJ,$rd,2;ELeo,Sb#tea2v0,M@.wau,`/~Ji%[s~e Cv|nt|,TN,3\h04,U=Z}:d States,1.2238698E7,1.28087808E9
1507478464,A[yAAAA6jAAAA/AA,BB9h'}N-13,,,t0g>t,1334510016,1810041908,GPub4PM,$imm[ clck^,1996469188,U#k4sBn,_omHsK8aneQ% #n*rge pupi0sn Nv[0Q+6t _ubss5',RandyWOwldGk,1494854008,UK/Xowm,2028276635,Un_Ko*n,3v,Qr%,St3e*t,Suo%# =20,MWd~ay,W.ol]amsa' C#fnpe,dc,3190^,U1ite. k!a3/s,1.37364787E9,1.74818867E9
1191470033,A-|#AAA:3+AA3Akg,699U-03-1n,,,ought,1398471679,709858867,RZ@"&t>,JimmmOAlWes,2143986545,`ncno7n,bo{eE cwnno@Ge4J5gC6tu9ies} (o do|/t sub/[ao,Cb=dy:Valdez,1968805963,Hn4P0wX,1498873352,:Vk[n%n,3~,3rh,Street,cHkjeYh2?,#i9ray,o2lKTamOYA Copnt/,TN,=8904,UnNte1 SYaQe<,7.2179344E7,1.38485043E9
1695462636,A`-_ABAdBbpAA'vA,1997D08-13,,,ou/ht,1299866453,2073176631,8AI-4I`,JpmmycAqleo,7.0,U"knoRb,zo4*I 4anLRt r~QaYe pvp\<s7 NS SoPbt 2o\ijan,R!gdv /6:daz,844510243,Unz{iwo,235831102,cnkn|wn,RM,3*_,,:ji"ei@T0,Mid)ax,oGlM^a!szYIL5un|y,TN,31U34,}MiGed-StaV.(,1.68945424E8,1.24888832E9
293821881,oAAA|A1ABAAAGXVe,h|97-0]1O3,,,&ugQt,,417511258,8AMv4cM,Eimml AllKn,1094285853,lnHnoXv,Notes can!otzWngag.npup2lsm4No da>+t s:os]a%,RanU8[Taa\ez,914694432,UyUnqw!,1147130620,U@7nown,`w,#rd,Stbee5,Skite>2h0,MadwaO,`)K*iS7soG Co}D'L,TN,71|0Q,`Nite`JStMte:,1.39114739E9,0
1510091108,AAA}A|A5BdammA@A,1997W0<-17,,,pugCN,1502975027,1940960317,8ob*2PM,J|8mi:A@@en,1525705681,Rnkn$Qn,joi^v <annshceYgagI ;nmi{sKoNo(-o=|t?substaQ,RvDCy6ValdeL,700376875,&nkJo~d,91282401,Unkpodn,32,3&w,st|Met,S%ivV 020,{i`wuy,WNAIi*27oRqCnZntt,CN,c!9Wd,&nluE@ jt^tRs,4.02886688E8,1.11078234E9
843241108,AAA*AkAABXbAO\6A,<9F7-0O-11,,,au<hh,1047086985,701591873,8ZMH4EM,6Bmme nllen,426560567,Unkn4Hn,.:te= caKnokJ(n1ag-=&u*[lsu No (m2b' =GH0t0n,Rard2 xaSd:z,645443640,Unkno+',1862664628,fNktown,n2,3rd,n<reeE,2oktw 2A+,Midwa|,Will^am"~n C^uwt8,TN,319+V,^n|tedpStates,-5.00,5.692583E8
656081145,AA?L}AA'atAAAAAA,Z9$72*3xa3,,,oX3ht,130819079,1014771095,8EM\mPW,-Qa>u AdlpJ,955605746,Unkn^w5,[5tn!<c3nnou Kngs@eZp$pils. NV dcu2t\su5stxn,1rJdy Vd-dez,1388013538,U$wnoVn,1214339880,U=kL^wn,3!,3bd,St$eff,SuLt" 2sw,MTdway,Wik/=amson1sxnnt&,YN,3>90H,Ukit'+ ~Ca4es,8.43824E7,9.2965576E7
879818260,)AAJA7mqB|AoA.pB,8\9pm0J-o9,,,'Qghp,978711323,515927379,l$MqNPM,JiCM:GPl*9d,1871577843,m#kL-|n,9gtes vgnO"L=kngavG]n{pilaOuNo WoGbt:substan,T]j3? |&ld%O,1281208005,UikrV*6,200458614,`K3f(w+,34,b&d,S=)2:t,|uit; Y2U,Mi2wQU,)Izli#mstnjC(i@c`,TN,089Wb,GniAjdE:tyu9s,1.96908384E8,1.17756944E8
1046051153,n[AAAAAABuVAAAa.,AfvhG]F^:<,,,ofsiP,1949404620,1332482414,,Jimmy Allen,1345481893,UBKP/sn,.owes ca>_otFegg;/e p5p"LsT <5cdkustasg]UR!n,hln^yfV|lp_1,1637211657,|nknown,555090014,sn+noQn,a<,3ud,Sq$eeO,SuLt<J2[0,MN5way,,TN,319G4,UniUudeS60t#@,1.58552947E9,
1940561174,AAUAAA?AR$AA[qnT,1995-03c1_,,,oug_t,1615826660,1935025481,8@M-4PM,>i_mW;A7Ppn,775543094,UsknLw(,NotIpkcM\Got )n__B\ pumils.INoHd9uKt s;bsSRV,RanA3iyal/ez,1861015700,Uwknown,1511968487,Unkzowz,3e,3r0,5xyeGr,S&iqe 22x,Cib<ay,Wi<lZam6nnNCou{;y,lN,339`4,U_`tednS_ajnT,1.43409907E9,3.56613568E8
208072014,AAAAAgA|`AVAA/bA,1997-03-13,,,h:ght,1359810013,1942348172,I1MWhPc,JiKSy AdV/`,581760906,?}keCw2,dfteFp:`nZ?t e8gage ;t^TYs.ENoHnQIbtBr|3U?an,|an4d +aldp(,1701803310,UnknDan,870562383,=5i^pO`,$2,3rd,S~e=el,Suite 22!,Mfdwa-,^`+l'aAL1n Aou!tn,Te,k1504,Uu:teb .TptfD,2.14164762E9,6.6647136E8
1822538048,A$AAAH%A=c!AAHAA,19{7-03-1/,,,2Lght,1416573668,1037328715,LA?-BPf,?ZCmyy4llkn,524362657,WnVnD'n,~:t)4 c`T~\t eqgafe pup$ls. *rfB1K7t#mubd]an,Is;Ky VaJF-z,477561075,Slkrown,2040107946,U*Ano]|,3*,3rd,S`Fekt,,]i-Va%,&ilziAssun@8Dunuy,TN,31904,,3.39488544E8,1.49790157E9
1732608640,A4AA]\}i_AnN9ABA,<9c7-0i-14,,,f`g/^,1977381606,36195187,5RMJ4]F,3emm|kAl1en,15225933,mn_nC({,-ffesucannotnXn~a>P Q@pi}DDnFo Rh>bt su6utzI,RaNWy LmlEeb,766200470,UQkusR2,709456172,7nkYVrn,X2,s(j,SkreN3,Suibe *P0,a!dyEV,Grl5iaGLoD 4L"nky,(N,41D0v,UC|%5d States,6.6952973E8,
447312804,]gAAAW@]MA_Au'A\,79%K-e3-13,,,,1752414736,1257083487,6AM-4Pl,ri)+y*Alle:,1043708581,UAknUwn,NoteU ci?Not}AKNJcY pupxb;.w~o GoRp! s\*!tKK,*KndRIVuud&z,415664056,Un]n{w-,1023898825,ankniwn,3!,3rd,vtnee{,YuTte }Ct,MEdwPy,^:\wK9rw4n CoKn+l,Tk,3190v,UciXsI-btBz$#,2.88696832E8,1.57279245E9
1.0,AAA_AA)=B(AAAAAt,Dp9=-03-2Q,,,,201767806,849880378,VAM-YPe,Dic0y h{-en,1355533873,+n<n~wn,yotes c.Knot.snN)g~UMufixs. To doubtn4ub\e3k,Ra~v(rVal@eA,95818186,ITknow),2036418303,UN7nHwn,G2,3xd,H))eet,SQ=yL 220,r?dGPl,tD&LaGm6oH ZBIX24,5',31=s),An1weJf3t:tfs,,1.42440755E9
2059495957,`hAAAAAAK$"A`AAA,)\zp-t?-1&,,,oug\C,1758657118,2078226774,8pM-bPC,3LmGi Allvn,412149784,[nk>)wn,)@Kq[ canJotIQ]YageO`upi)s.PNo doub! s%>lJan,4aq>y4V#Xde<,416576298,'ntnowJ,1021459272,3Qkro'n,,38d,ItMeTO,dul(eW220,M*dwTy,WY{c|MmXfn CbuV>y,T`,fB%04,U`%2edb2t>t4s,1.97185498E9,1.33690726E9
1.0,AjAA:AAAPAA%`AAA,1@=7-93863,,,8uB(',619737305,1054431844,;;MR4PM,J?kHy +l^(:,340824482,\Ekn?wn,1ZtesJc{n(d[ engPle^rup1lE; No qn~bq substa9,Randy/Valdez,1013106799,8@kDxw8,1067928066,Unkpown,,,S'red.,S6iYe/2xF,FYd&nK,Wil#%azso)ECoDntn,{N,i_G4O,U5'te& .tv|as,7.5643821E8,1.38656627E9
1964622482,}AhT.A=-BAA{AAA=,1Cz$x0G-sv,,,<V^2$,1595496683,1077129853,wkc.5P:,Jimmy Allen,1667458040,U-kn?wn,f-tes 2anJ4tqe|gm.e0aupi6[.~[6 doubl suZcCad,Van3RsVp^\k0,1640925004,#nUEown,1632646014,xnk=Pw!,eJ,~8u,>tV^yt,,M7$8a7,(QElbamso#]C5.nty,XA,AQ904,+n`L4I SttreR,,4.252076E7
1332790918,{AA/AE%*RAAd?AAA,_k97-0Of&3,,,KHght,1164842013,104562572,'HM7BP4,KimmD\Allyn,1731046939,UnknoOn,NO-jsac$nnoh enSage(?V`ilu.9N+(1oJ3t s=bstu!,Ran2'[xK1*eM,823246321,anqVYw5,954214440,UZk\q}n,Rs,Erp,$tFhet,Su)t0w210,MROway,Wcli|j'soU CBuKEy,<W,@1LX4,,2.13097651E9,1.41118899E9
1.0,AU>AAPPA|)AA*Aa%,r&@700[L13,,,NHTht,1765030298,1432685989,XADY4Pc,Jhmmy iC77w,1997621393,bnXI=/},Nvt3" ca;rot^enGag+ aupils# No iouOc3shbst8H,Ran=y|(al1e<,631601850,UnkncoK,1237725570,Un7nLwn,d2,3&},)t-eoI,1@}oe:2$0,Midwd`,W\dlia=0![ hoTnty,-N,2"904,Utit?U=RUytZs,1.6256776E8,
2000614766,bAAOAAAABQqAZDAA,1S97-03i;3,,,o^y<t,1504264402,1117497718,8AM-4P@,}@m(y1\l/en,155668792,gb68own,N(t</ cw|zoc e)d$*& puuias. No dou10qsub$tan,KbnxO Valbet,,PNknown,992386952,Kk=*o.:,3k,z`d,etfeeF,Suzt[e2+d,Midway,Williamson County,my,3190V,UniiehsytatRs,1.83879603E9,
1229204230,LAaA1AmyvAXW;XA(,@99Yap3-13,,,ougvG,,1887364716,8]:-_PM,n8mgY AllMU,1093237569,RVkn)wv,NotO{ cannz4ginJm$}":>dX$J|>No GFh/I]s2bstR=,,1785293322,UnQ#^GE,235113231,Uekno6Y,}2,e4.,,Su-Ve x20,Midqay,ZillEa2"K} 5o+nty,TS,(1r04,,2.05407027E9,1.69922701E9
1293020985,Ub-BAA/A9AA{HpSA,199U-vRXa3,,,@'ght,211.0,1896148202,8yM-4n5,Jimty>`llZr,980621854,U)kno6n,,5andd }#i)\&,1389869270,Unknown,773535852,>!k\gkn,3+,*rd,S@}e1t,Xuite w%0,Li|w]y,Wimlma0s'n no^5gy,pD,%1904,Unik$"LStP|ks,2.7031584E8,1.32382566E9
1831221656,AAAAAA(AB7rAAAnA,1997-03-13,,,ought,1209582015,1619832006,8nM-4IM,vim.y E4ten,7.0,Unknown,Nov?sK:angot 7nz%g: Yz8ilsr No#doubt sgA~ta$,@a?/n>zadd'z,,14k`o7v,1183306774,TD.noQn,32,x.&,SCrO{t,Bjite `p0,>idwKy,W*Ze$^+soewChun'y,Fm,3C9K4,,1.24889715E9,3.26721952E8
1366448082,{IZATq4A6A$Ap]O5,R>97-8PO13,,,o0g`M,1126072468,1720756526,?FM-4PM,Jimmy j<?Un,34159927,hFknqVn,N'KeIZsgnnoxA2n`ageyW?pils. Zo ryu[t s4Wstan,R;#wyhtL%6)z,,/n.nV+F,945072252,Uw=nowu,32,3rd,VrraeL,Sii"e 2-Z,Midway,&iQLiamA<m Cgunty,EN,m190f,>n!te= S]%zes,1.66203981E9,5.9551046E8
331461354,AmhAAA`HBA=AWAAA,`99[[03-13,,,o`(ht,435911890,2125846853,8A8-4PM,Jimm; +l3en,126248983,UE)n"xn,N:tes xa~Qo3\eSn.g.pphp:lRT(No d;ub$hbZbs=aI,oandK V<lLez,747513037,Mnk$o6-,,inknowK,3[,IUd,s&eeD-,SuLte 2'k,5iDwaL,WL>-faP(o=70Kunt\,{N,3>c04,6nUn]yJStat$N,1.33255128E8,1.04318906E9
700469865,$M7'AAAA.&ABEAA!,S997'V(-1D,,,,1173419188,20476481,CGH-4wM,JiKmy Alpen,1027015034,Unknown,NXtes #ynnnt"bnaag+GkJp+lsC No*^oeA8 subD+a^,Ranvg yw+|eE,1304564977,UnkmowE,1113349535,Un?n@w8,X2,3s\,,U@It+ e20,MSd93y,Willi*s)<n Coujt%,T4,G19_A,VOitecO%tQ-eJ,4.98851392E8,1.59575232E9
1269317607,AAAAAAAAByA5DIAA,1997-03-13,,,,1965152940,439988860,/B:I4PM,,1299298515,Umkn"wn,N3tIsbc-ndon @<*aga puRifJ( tjXdo`Lt su\Qnf&,RRwR7 Ve9XGz,772139254,AnxE1&|,785446211,U:G1rwn,32,3rd,Str]et,,MiC&ay,71@g"am5on=CTuwty,J_,3/904,UniYedMIG\t@},1.93868723E9,5.5163948E7
,ACIAhAAABA"KhkAq,P98t'03-13,,,oagit,588963223,1702097906,CA{Y4mM,Q'mK< @llep,,UQ[n1w/,@oTes cIzyo@LVng1yeL6uqi.}.GN+>3osc[-OK-xt]g,C@n3EU.w+peg,320927018,$Ir#=;\,1850034458,/nkn^wn,3~,3>.,wt}FeG,Sr+Pe 2@0,Midway,Wi1liaYson\x'uxty,Ty,$'B0r,4nited Stakus,9.7425965E8,9.8608211E8
815489887,\XjAF`*A/KA'bk91,1"97'1[-Pn,,,oc@ht,401395719,,8AMl40I,fibNx -_&eY,944881119,UnZnowd,Nop%s $ar4d#(enoaTG>)?7il#. C& doubt_euxdtm#,X'`dveo7lVeP,1513045908,U8kW}wn,885474186,Ynknown,32,Jr',Lt|e3F,S&ixa 22^,9_dway,]jlli0m>PS /ountY,TN,41SI',76[teg(Fta*H+,1.34076083E9,1.56105933E9
1.0,oSAAx4AhBAlt9xOA,f99e-xi-13,,,oi-Zt,389180463,,8;_-4PM,XiEM# ;y:e7,903338094,%?knpwn,ooZes cg%o3t 3ngaBe pupKls.{NVxds*E' .mb<QVn,Randy^Vatdez,1574492039,nnknbln,1412117394,U7know),Kk,3rC,Street,Yuit#IUc0,Mid5ay,vilugamsZm_Co2lty,TN,f1o04,Uk8e)d '-gths,3.87293664E8,6.8325581E8
244301902,KtAAA:0A~A>A^AAG,1Pa7-038!R,,,Gugo$,1725059997,919394829,lVjabPM,-iV%[ rBlJn,518899022,URknow*,N|#esYcyjnot e:ga[" )MAilc. No Woub$(NubsDp?,YDF"y v-syeJ,1843290211,Fn#nK6V,32702991,%_kg+w+,3w,Iqd,Stbeet,PqizIL220,M^g<ay,exk']@X]on<_VWn6[,TN,A:90I,Unot'd oga\ND,7.6592269E8,3.04478368E8
1878419911,S%;AyAeA[AA0.WAe,3~c:-_3-%9,,,"cgh(,1448739198,2074898081,8~:-\PM,Ji{Cy A)len,1791152966,e?osown,Noaes caZVo4)engl!uipurilxA'N~ dT>{" !ubs'[n,OefJyFXa|dcl,1479029931,Oeknown,718215441,m/kB9wn,32,3Id,ctj}et,SuiTJ 220,Fi^Aa\,WjlliamD|n m2unty,VT,319.p,UnitDd@SR0t]s,1.61251482E9,1.45486797E9
822049582,AAA?AAMABO^A0AAA,'Me7@03-B3,,,ough0,980583537,1045257382,%c@A@PM,/nmmybA/Den,1253272353,5`>nmwl,d)~Zs ch[no^~<nga1e |Ji!:<.`Po Aomt#[ra@s5gn,Rana6n_alpez,263616945,$%k"twn,2018042169,UnQnow^,32,\6d,StrnB3,SuHt_ D2v,Mi7wa0,W.lliGmu8HO17uAty,1~,@1904,UnitpuAS6a*2s,1.26570726E9,1.67887219E9